,0
free,216
txt,150
u,147
ur,144
mobile,123
text,120
stop,115
claim,113
reply,101
now,96
prize,92
won,73
new,69
send,68
nokia,65
urgent,63
cash,62
win,60
contact,56
service,55
guaranteed,50
customer,49
week,49
tone,48
phone,45
chat,42
draw,38
awarded,38
latest,36
you,35
line,35
mins,34
receive,33
camera,33
box,33
holiday,32
po,32
message,32
landline,32
shows,31
number,30
apply,29
live,29
video,29
tcs,29
want,29
code,29
no,28
award,28
msg,27
chance,27
ringtone,27
collection,26
entry,26
orange,26
tones,25
network,25
selected,25
know,25
mob,24
sms,24
weekly,24
offer,24
cost,23
valid,23
find,23
dont,22
collect,22
attempt,22
r,22
word,22
tc,21
sae,21
delivery,21
bonus,21
rate,20
vouchers,20
music,20
todays,20
account,19
update,19
c,19
time,19
club,19
await,19
help,19
play,18
land,18
tscs,18
private,18
gift,18
unsubscribe,18
tried,17
poly,17
services,17
pounds,17
waiting,17
price,17
expires,17
colour,17
double,17
texts,17
statement,16
join,16
pobox,16
points,16
games,16
today,16
identifier,16
final,16
unredeemed,16
wk,16
dear,16
winner,16
min,16
tell,16
dating,16
auction,16
hi,16
voucher,16
hot,15
ltd,15
xmas,15
uk,15
day,15
camcorder,15
sexy,15
yes,15
trying,15
operator,15
order,14
cs,14
content,14
s,14
thanks,14
wkly,14
congratulations,14
end,14
opt,13
txts,13
im,13
worth,13
half,13
t,13
offers,13
only,13
like,13
mates,13
quiz,13
savamob,13
weeks,13
easy,13
important,12
caller,12
freemsg,12
mobiles,12
player,12
calls,12
real,12
eg,12
phones,12
complimentary,12
anytime,12
rental,12
b,12
days,12
pics,12
good,12
ipod,12
national,12
yr,11
messages,11
motorola,11
special,11
valued,11
pls,11
friend,11
xxx,11
m,11
dogging,11
charged,11
great,11
sex,11
wap,10
wanna,10
enjoy,10
love,10
news,10
txting,10
secret,10
charge,10
direct,10
sent,10
welcome,10
ntt,10
need,10
hmv,10
reward,10
uks,10
enter,10
currently,10
admirer,10
speak,10
comp,10
tomorrow,10
unlimited,10
representative,10
x,10
congrats,10
thinks,10
choose,10
ldn,10
rates,9
del,9
england,9
fancy,9
specially,9
optout,9
looking,9
game,9
numbers,9
me,9
fun,9
out,9
flag,9
best,9
n,9
std,9
pic,9
bluetooth,9
credit,9
date,9
credits,9
wwwgetzedcouk,9
discount,9
i,9
charity,9
lucky,8
freephone,8
age,8
babe,8
shopping,8
info,8
rreveal,8
matches,8
use,8
terms,8
details,8
specialcall,8
digital,8
cd,8
sony,8
entitled,8
inc,8
answer,8
yours,8
store,8
user,8
polys,8
ufind,8
area,8
summer,8
btnationalrate,8
ending,8
awaiting,8
information,8
sunshine,8
rcvd,7
uve,7
miss,7
access,7
got,7
sub,7
etc,7
minute,7
extra,7
horny,7
log,7
years,7
sol,7
dvd,7
plus,7
custcare,7
maximize,7
croydon,7
tenerife,7
weekends,7
costa,7
loyalty,7
visit,7
bid,7
saturday,7
cashbalance,7
fantastic,7
shop,7
cashin,7
spree,7
guess,7
gay,6
inviting,6
holder,6
toclaim,6
night,6
arrive,6
tncs,6
entered,6
g,6
arcade,6
ans,6
goto,6
try,6
guys,6
announcement,6
replying,6
flights,6
its,6
fantasies,6
handset,6
luck,6
standard,6
match,6
vodafone,6
cc,6
pc,6
frnd,6
sipix,6
asap,6
ready,6
e,6
meet,6
stockport,6
f,6
tv,6
hl,6
year,6
msgs,6
pound,6
vary,6
asked,6
weekend,6
tariffs,6
questions,6
calling,6
link,6
zed,6
is,6
selection,5
surprise,5
girls,5
eve,5
voda,5
more,5
linerental,5
xchat,5
pass,5
friends,5
records,5
login,5
sim,5
crazy,5
over,5
cant,5
care,5
place,5
videochat,5
official,5
revealed,5
local,5
eerie,5
click,5
fantasy,5
talk,5
videophones,5
ringtones,5
noline,5
minutes,5
book,5
polyphonic,5
rply,5
member,5
partner,5
wid,5
unsub,5
invited,5
lets,5
wwwcomuknet,5
cup,5
singles,5
call,5
girl,5
luv,5
fone,5
locations,5
sport,5
following,5
contacted,5
rentl,5
cds,5
v,5
start,5
activate,5
reach,5
quoting,5
hours,5
java,5
bt,5
sonyericsson,5
cancel,5
dload,5
who,5
hey,5
co,5
december,5
immediately,5
spook,5
computer,5
her,5
inclusive,5
cum,5
ok,5
d,4
ring,4
porn,4
flirt,4
largest,4
mths,4
freefone,4
tkts,4
months,4
london,4
sky,4
subscriber,4
pod,4
money,4
moby,4
contract,4
purpose,4
away,4
address,4
sptyrone,4
yer,4
harry,4
daily,4
txtauction,4
getting,4
vip,4
future,4
break,4
original,4
card,4
ac,4
q,4
subscription,4
xx,4
forwarded,4
brand,4
post,4
tenants,4
correct,4
conditions,4
cheap,4
remove,4
fromm,4
question,4
think,4
sale,4
ntwk,4
youve,4
santa,4
reference,4
check,4
netcollex,4
alert,4
ppm,4
delivered,4
in,4
go,4
starting,4
review,4
ibiza,4
takes,4
ansr,4
theres,4
refused,4
eng,4
registered,4
exciting,4
adult,4
bahamas,4
going,4
hope,4
trip,4
reveal,4
logo,4
close,4
ends,4
to,4
bored,4
wwwringtonescouk,4
picked,4
fa,4
action,4
rally,4
cust,4
txtin,4
app,4
country,4
starts,4
loan,4
nokias,3
costs,3
heard,3
pence,3
voicemail,3
uu,3
kick,3
a,3
ibhltd,3
press,3
children,3
genuine,3
yrs,3
tmobile,3
kept,3
tcsstop,3
provided,3
euro,3
competition,3
recent,3
halloween,3
town,3
amazing,3
cross,3
other,3
themob,3
purchase,3
moons,3
king,3
verify,3
ts,3
work,3
male,3
sorry,3
hear,3
titles,3
pix,3
team,3
followed,3
suprman,3
little,3
hard,3
rude,3
settings,3
notice,3
previously,3
arsenal,3
callback,3
right,3
receipt,3
stay,3
password,3
profit,3
people,3
it,3
saucy,3
id,3
life,3
downloads,3
available,3
textoperator,3
ordered,3
energy,3
polyph,3
postcode,3
sam,3
chosen,3
simply,3
ave,3
skilgme,3
hit,3
shortly,3
abta,3
truly,3
save,3
mix,3
biggest,3
song,3
while,3
fancies,3
high,3
deliveredtomorrow,3
heart,3
title,3
billed,3
sp,3
liverpool,3
paris,3
subpoly,3
homeowners,3
alfie,3
download,3
choice,3
subs,3
newest,3
med,3
city,3
supply,3
buy,3
pocketbabecouk,3
back,3
germany,3
wont,3
on,3
cinema,3
bill,3
dream,3
p,3
mobilesdirect,3
true,3
sept,3
recd,3
tour,3
advise,3
subscribed,3
photo,3
laid,3
super,3
hello,3
results,3
upgrade,3
logopic,3
valentines,3
yesterday,3
comes,3
pleased,3
members,3
mono,3
look,3
soon,3
till,3
tickets,3
lost,2
wordstart,2
growing,2
speedchat,2
tonight,2
php,2
canary,2
hungry,2
westlife,2
community,2
potter,2
wiv,2
unique,2
premium,2
nasdaq,2
fastest,2
ads,2
lccltd,2
increments,2
lifetime,2
joined,2
packs,2
wet,2
so,2
callcost,2
mobno,2
eye,2
blonde,2
oz,2
luxury,2
landlines,2
georges,2
reschedule,2
films,2
lions,2
lotr,2
village,2
polo,2
promo,2
invaders,2
fri,2
men,2
self,2
todayfrom,2
enjoyed,2
ladies,2
cashto,2
believe,2
leave,2
thurs,2
mailbox,2
lionp,2
nowsky,2
sue,2
jamster,2
listen,2
jackpot,2
part,2
register,2
per,2
mtalk,2
explicit,2
mr,2
current,2
balance,2
rstm,2
wrc,2
satisfy,2
old,2
web,2
missed,2
here,2
gettin,2
support,2
fixedline,2
lucozadecoukwrc,2
chatting,2
bears,2
eurodisinc,2
mid,2
prepayment,2
ones,2
nothing,2
boys,2
improved,2
blu,2
cornwall,2
getstop,2
wait,2
receiving,2
played,2
warm,2
readers,2
off,2
instructions,2
usher,2
done,2
somebody,2
prizes,2
reality,2
eire,2
jordantxt,2
console,2
randy,2
tulip,2
informed,2
orig,2
quality,2
dracula,2
phoenix,2
vu,2
gamestar,2
nat,2
lookatme,2
filthy,2
jsco,2
youre,2
connect,2
jordan,2
month,2
things,2
cam,2
august,2
receivea,2
recently,2
spanish,2
offerthe,2
charges,2
removal,2
married,2
hlp,2
include,2
learn,2
email,2
funk,2
stamped,2
goal,2
sending,2
txtauctiontxt,2
itcould,2
received,2
cha,2
accident,2
fixed,2
busy,2
careful,2
unable,2
july,2
football,2
feeling,2
aom,2
wwwsmsconet,2
warner,2
reminder,2
ve,2
flower,2
what,2
tsandcs,2
quizwin,2
envelope,2
bray,2
peak,2
kickoff,2
suite,2
bulbs,2
trav,2
blind,2
mobilesvary,2
hotel,2
gender,2
lines,2
big,2
norm,2
cheaper,2
cameravideo,2
freesend,2
street,2
wwwtextpodnet,2
ghost,2
film,2
well,2
hotels,2
class,2
chart,2
issues,2
strongbuy,2
cdgt,2
hardcore,2
donate,2
lucozade,2
randomly,2
knock,2
granite,2
come,2
yahoo,2
lionm,2
claire,2
btooth,2
helpline,2
burger,2
twilight,2
housewives,2
lucy,2
warranty,2
bank,2
indicate,2
nok,2
callfreefone,2
home,2
sat,2
driving,2
incredible,2
costing,2
chances,2
lily,2
babes,2
added,2
prompts,2
natalja,2
iscoming,2
pm,2
star,2
wish,2
ref,2
update_now,2
wow,2
dates,2
textpod,2
munsters,2
loyal,2
active,2
names,2
wwwtextcompcom,2
wicklow,2
personal,2
shagged,2
wks,2
addamsfa,2
networks,2
scotsman,2
collected,2
again,2
interflora,2
meetgreet,2
notxtcouk,2
premier,2
st,2
txtno,2
straight,2
tells,2
them,2
explosive,2
drinks,2
term,2
rcv,2
sing,2
dis,2
baby,2
wwwidewcom,2
exorcist,2
wwwldewcom,2
ratetcs,2
foley,2
polyh,2
adam,2
britney,2
textbuddy,2
travel,2
ringtoneget,2
pub,2
center,2
lover,2
company,2
search,2
garden,2
wan,2
compare,2
forget,2
le,2
ag,2
horo,2
blow,2
bloomberg,2
dot,2
henry,2
tnc,2
dave,2
btnational,2
wwwtcbiz,2
maybe,2
lots,2
bloombergcom,2
follow,2
upto,2
ibh,2
secretly,2
arrange,2
movie,2
duchess,2
membership,2
upload,2
violet,2
pick,2
algarve,2
had,2
fml,2
claims,2
mind,2
questionstd,2
eastenders,2
up,2
messaging,2
these,2
retrieve,2
gaytextbuddycom,2
be,2
scoring,2
darling,2
stoptxtstop,2
hols,2
gent,2
sign,2
wwwmovietriviatv,2
weekstop,2
british,2
wwwdbuknet,2
discreet,2
drop,2
sports,2
space,2
customers,2
mnths,2
brought,2
visionsmscom,2
oranges,2
seeds,2
symbol,2
wallpaper,2
wwwtxttowincouk,2
tonights,2
sptv,2
cruise,2
islands,2
secs,2
skillgame,2
mila,2
libertines,1
complete,1
spjanuary,1
mobsicom,1
prescripiton,1
freemsgfeelin,1
jersey,1
queries,1
request,1
wins,1
romantic,1
totally,1
wwwcashbincouk,1
sextextukcom,1
strip,1
row,1
smartthough,1
gnarls,1
aries,1
tsunami,1
stories,1
features,1
suzy,1
tcsc,1
redeemable,1
woman,1
masked,1
nowuse,1
echo,1
bx,1
wordcollect,1
freeentry,1
minapn,1
frogaxel,1
bbdeluxe,1
kingdom,1
thnq,1
xxxxx,1
messagethanks,1
agreen,1
walk,1
colours,1
chatter,1
whats,1
downloaded,1
midnight,1
australia,1
graphics,1
europe,1
chaps,1
havent,1
sort,1
darkest,1
us,1
soundtrack,1
oja,1
resubmit,1
privacy,1
xxxmobilemovieclubcomnqjkgighjjgcbl,1
psp,1
detroit,1
ringtonefrom,1
slower,1
fgkslpopw,1
shag,1
stdtxtrate,1
canname,1
single,1
bad,1
guarantee,1
feb,1
dps,1
celeb,1
died,1
dick,1
janinexx,1
simpsons,1
lnly,1
xafter,1
refundedthis,1
wants,1
logon,1
cool,1
stoptxt,1
cnl,1
connected,1
clip,1
flirting,1
fifa,1
qlynnbv,1
horniest,1
thing,1
fit,1
landlineonly,1
gravel,1
logos,1
burns,1
stewartsize,1
gossip,1
akonlonely,1
giving,1
sn,1
planettalkinstantcom,1
this,1
held,1
manchester,1
xxuk,1
carlie,1
hurry,1
videosound,1
msgwe,1
happy,1
ultimate,1
uptown,1
freemsgfav,1
chloe,1
nasty,1
outgoing,1
subscrition,1
freemessage,1
wat,1
india,1
dark,1
repeat,1
toilet,1
parties,1
sounds,1
else,1
also,1
sexiest,1
hack,1
normal,1
boltblue,1
rcd,1
golddigger,1
noworriesloanscom,1
hubbys,1
realize,1
simple,1
champneys,1
colourredtextcolourtxtstar,1
flyng,1
themobhit,1
tattoos,1
laidwant,1
accessible,1
arrow,1
roses,1
teenager,1
jamstercouk,1
accommodationvouchers,1
marley,1
mgs,1
subscribe,1
kiosk,1
plyr,1
theyre,1
breaker,1
touch,1
classic,1
topped,1
sullivan,1
stopcs,1
complementary,1
vco,1
ymca,1
cm,1
nyt,1
park,1
hubby,1
gsoh,1
wwwbridalpetticoatdreamscouk,1
internetservice,1
sufficient,1
bloke,1
bookmark,1
wwwtklscom,1
with,1
httptms,1
transferred,1
restrictions,1
telephone,1
olympics,1
page,1
mandy,1
nyusa,1
easter,1
virgin,1
replies,1
dartboard,1
renewed,1
couple,1
snappy,1
deepest,1
annoncement,1
woods,1
alertfrom,1
animation,1
charts,1
for,1
wwwclubmobycom,1
chatim,1
farrell,1
turn,1
dining,1
quote,1
rodger,1
running,1
spam,1
ringtoneking,1
chg,1
yourinclusive,1
subscriptions,1
dena,1
tips,1
wanting,1
barry,1
shortcode,1
wwwflirtpartyus,1
fones,1
pushbutton,1
station,1
unclaimed,1
sell,1
cst,1
previous,1
fans,1
expired,1
set,1
fund,1
evening,1
goodies,1
recdthirtyeight,1
bangb,1
tgxxrz,1
vid,1
oncall,1
billing,1
subject,1
lounge,1
benefits,1
united,1
slide,1
dorothykiefercom,1
kens,1
cast,1
bids,1
triple,1
wwwshortbreaksorguk,1
tune,1
jorgeshock,1
ree,1
hoody,1
bin,1
lonely,1
pictxt,1
birds,1
yo,1
polyc,1
name,1
nichols,1
wallpaperall,1
processed,1
man,1
textsweekend,1
splashmobile,1
bought,1
skip,1
villa,1
filthyguys,1
agent,1
listening,1
ltdhelpdesk,1
barbie,1
daytime,1
shy,1
ignore,1
mmsto,1
zouk,1
round,1
down,1
hottest,1
tel,1
gprs,1
nights,1
videos,1
funky,1
house,1
worlds,1
inforingtonekingcouk,1
select,1
doubletxt,1
lose,1
knickers,1
gbp,1
hol,1
continued,1
women,1
beg,1
passes,1
paying,1
jst,1
better,1
sender,1
strings,1
ripped,1
tons,1
block,1
door,1
selling,1
response,1
allow,1
deluxe,1
not,1
renewal,1
skins,1
meal,1
availa,1
responsible,1
winnersclub,1
freenokia,1
spider,1
channel,1
acsmsrewards,1
met,1
condition,1
xxxxxx,1
bluetoothhdset,1
rct,1
chitchat,1
leadership,1
sprwm,1
soiree,1
margin,1
nownyt,1
chatlines,1
types,1
gbpweek,1
hide,1
youto,1
monos,1
giv,1
helloyou,1
strokes,1
becausethey,1
jamsterget,1
bbc,1
lookin,1
started,1
wed,1
adrian,1
flight,1
credited,1
servs,1
stream,1
okmail,1
strt,1
brings,1
finally,1
companies,1
adp,1
leading,1
crazyin,1
doggin,1
band,1
footy,1
subsequent,1
nowsavamobmember,1
sexual,1
nt,1
coincidence,1
superb,1
wc,1
doubles,1
kinda,1
expiry,1
called,1
ben,1
exp,1
xnet,1
james,1
unsecured,1
from,1
racal,1
divorce,1
radio,1
theredo,1
pete,1
bcm,1
recpt,1
borin,1
ya,1
xxsp,1
aberdeen,1
themobyo,1
read,1
swat,1
birthday,1
wwwringtonekingcouk,1
missing,1
left,1
thedailydraw,1
way,1
str,1
bundle,1
xxxmobilemovieclub,1
connection,1
zebra,1
inclu,1
xxxx,1
january,1
otbox,1
prizeswith,1
needs,1
ill,1
strong,1
compensation,1
survey,1
concert,1
office,1
svc,1
gbpsms,1
xclusiveclubsaisai,1
hrs,1
extreme,1
sir,1
scotland,1
nookii,1
mobs,1
monthly,1
will,1
abuse,1
pdate_now,1
minded,1
booking,1
swap,1
lord,1
wining,1
begin,1
still,1
videopic,1
yeah,1
alerts,1
wwwasjesuscom,1
loads,1
shinco,1
gsex,1
black,1
found,1
speciale,1
dozens,1
lapdancer,1
bringing,1
getzedcouk,1
beware,1
notified,1
vpod,1
cumin,1
headset,1
wwwtelediscountcouk,1
termsapply,1
textcomp,1
anonymous,1
romcapspam,1
natalie,1
confirm,1
prods,1
him,1
marketing,1
floppy,1
karaoke,1
cute,1
rooms,1
bailiff,1
ll,1
tb,1
instantly,1
kath,1
dirtiest,1
jeri,1
wwwregalportfoliocouk,1
ab,1
mat,1
matched,1
messagestext,1
gigolo,1
nearly,1
heroes,1
msgsubscription,1
regular,1
rock,1
jamz,1
ou,1
cred,1
deck,1
dizzee,1
regard,1
key,1
parisfree,1
saristar,1
wot,1
tcllc,1
zoe,1
highest,1
ive,1
living,1
sang,1
hvae,1
bitch,1
tarot,1
unsubscribed,1
lowcost,1
rgds,1
bedroom,1
moan,1
buddys,1
thousands,1
fraction,1
sf,1
coolmob,1
bootydelious,1
president,1
webeburnin,1
shit,1
babygoodbye,1
mistake,1
advisors,1
late,1
released,1
wwwgambtv,1
dogs,1
idiot,1
fall,1
trial,1
promotion,1
legitimat,1
ages,1
experience,1
shot,1
ecstacy,1
season,1
wquestion,1
gmw,1
texting,1
incorrect,1
panther,1
enough,1
menu,1
created,1
toppoly,1
youll,1
wedding,1
instant,1
wamma,1
cmon,1
wwworangecoukow,1
mymoby,1
sppok,1
approx,1
wildest,1
conacted,1
helen,1
picture,1
airport,1
fact,1
error,1
monoc,1
disaster,1
bblue,1
hotmix,1
wanted,1
lingerie,1
rec,1
red,1
smithswitch,1
amy,1
amanda,1
buffy,1
landmark,1
get,1
total,1
rpl,1
panasonic,1
wwwapplausestorecom,1
meetins,1
smsshsexnetun,1
mystery,1
tom,1
filth,1
latests,1
format,1
challenge,1
psychic,1
deltomorrow,1
opinions,1
yohere,1
cashbincouk,1
pro,1
outbid,1
marvel,1
stadium,1
quizclub,1
sexychat,1
dontcha,1
ringsreturn,1
draws,1
backdoor,1
vat,1
devils,1
wkend,1
global,1
pin,1
june,1
mf,1
perfect,1
install,1
wrote,1
follows,1
wwwsantacallingcom,1
naked,1
weddingfriend,1
mens,1
skills,1
smashed,1
thesmszonecom,1
gotto,1
pause,1
stereophonics,1
wwwmusictrivianet,1
minstexts,1
upgrading,1
rtking,1
cock,1
spiderman,1
fgkslpo,1
digits,1
jocks,1
chik,1
banned,1
hockey,1
pink,1
browse,1
html,1
failed,1
barkleys,1
kit,1
scammers,1
wife,1
female,1
dial,1
wwwrtfsphostingcom,1
large,1
freeringtonereply,1
xt,1
accommodation,1
frog,1
yards,1
phony,1
website,1
someonone,1
chgs,1
bangbabes,1
vatian,1
responding,1
glad,1
dob,1
secured,1
mjzgroup,1
jane,1
smsservices,1
voucherstext,1
unicefs,1
recieve,1
orno,1
taking,1
ngage,1
stuff,1
ta,1
slo,1
goldviking,1
requests,1
passion,1
stopbcm,1
scores,1
nick,1
tbspersolvo,1
yet,1
snap,1
loans,1
mquiz,1
claimcode,1
fast,1
golf,1
sparkling,1
christmas,1
freeringtone,1
recorder,1
sugababes,1
there,1
deals,1
keyword,1
scallies,1
chasing,1
prizeawaiting,1
asian,1
paid,1
proze,1
sara,1
trained,1
oh,1
drvgsto,1
fink,1
wither,1
macedonia,1
cops,1
posh,1
suppliers,1
sed,1
see,1
hava,1
thought,1
prebook,1
flowers,1
msgticketkioskvalid,1
mega,1
teletext,1
accordingly,1
package,1
november,1
brother,1
toxic,1
offering,1
world,1
hunks,1
banneduk,1
polytruepixringtonesgames,1
efreefone,1
lux,1
pole,1
prizeto,1
thank,1
mustprovide,1
cocacola,1
stars,1
trackmarque,1
mfl,1
nos,1
wild,1
norcorp,1
mobcudb,1
badass,1
presence,1
drawplease,1
dointerested,1
theirs,1
replied,1
doublemins,1
knows,1
dialling,1
willing,1
professional,1
person,1
career,1
renewing,1
capital,1
busty,1
abroad,1
maniac,1
breaks,1
completely,1
police,1
artists,1
came,1
wwwareyouuniquecouk,1
slow,1
potential,1
ice,1
customersqueriesnetvisionukcom,1
logosmusicnews,1
open,1
bob,1
respond,1
nowtcs,1
afraid,1
avble,1
trywales,1
dept,1
subscribers,1
items,1
erotic,1
stolen,1
wings,1
bergkamp,1
colin,1
vote,1
bout,1
promised,1
smartcall,1
child,1
matthew,1
wktxt,1
pay,1
maximum,1
tonesreply,1
prem,1
virgins,1
trebles,1
definitely,1
removed,1
havin,1
posts,1
presleys,1
rayman,1
tonexs,1
goals,1
marsms,1
speed,1
eyeddont,1
mre,1
wwwclubzedcouk,1
smart,1
finest,1
tiger,1
notifications,1
messagesim,1
twinks,1
folks,1
rgent,1
sleepingwith,1
changed,1
summers,1
mini,1
yourself,1
god,1
resub,1
optin,1
popcornjust,1
goalsteam,1
ladiesu,1
dirty,1
lastest,1
ithis,1
nowsend,1
fmyou,1
customercare,1
sticky,1
sound,1
laugh,1
textand,1
nowreply,1
o,1
em,1
gb,1
txtx,1
ukmobiledate,1
breath,1
faster,1
elvis,1
datingi,1
pg,1
upgrdcentre,1
sic,1
stopcost,1
gold,1
resent,1
